{"cameraMode":{"drawMode":0,"name":"Shaded","section":"Shading Mode"},"sceneLighting":true,"audioPlay":false,"sceneViewState":{"m_AlwaysRefresh":false,"showFog":true,"showSkybox":true,"showFlares":true,"showImageEffects":true,"showParticleSystems":true,"showVisualEffectGraphs":true,"m_FxEnabled":true},"in2DMode":false,"pivot":{"x":3.753687858581543,"y":-1.037336826324463,"z":3.4057955741882326},"rotation":{"x":0.7093315720558167,"y":-0.003239390905946493,"z":0.0031225041020661594,"w":0.7050861716270447},"size":6.13059139251709,"orthographic":true}