{"cameraMode":{"drawMode":0,"name":"Shaded","section":"Shading Mode"},"sceneLighting":true,"audioPlay":false,"sceneViewState":{"m_AlwaysRefresh":false,"showFog":true,"showSkybox":true,"showFlares":true,"showImageEffects":true,"showParticleSystems":true,"showVisualEffectGraphs":true,"m_FxEnabled":true},"in2DMode":false,"pivot":{"x":3.2814109325408937,"y":3.56562876701355,"z":4.259275436401367},"rotation":{"x":0.7725832462310791,"y":-0.0019015148282051087,"z":0.0023199659772217275,"w":0.634916365146637},"size":5.166079998016357,"orthographic":true}